Council name	New Zealand	 < < Please select the territorial authority you wish to view here 	  	  	  	  	  	  	  	  	  	  	  	  	  	
		 In order to maintain the accuracy of the charts on the subsequent tabs, do not filter the rest of this table. 	  	  	  	  	  	  	  	  	  	  	  	  	  	
Sum of Value	 Column Labels 	  	  	  	  	  	  	  	  	  	  	  	  	  	  	  
Row Labels	2001	2002	2003	2004	2005	2006	2007	2008	2009	2010	2011	2012	2013	2014	2015	2016
A_Registered dogs (total)	  	  	  	  	  	  	  	  	  	  	  	  	  	  	  	  
all pure and cross breeds	  	  	  	  	  	  	  	  	  	  	  	  	  	  	  	  
1001_total	 - 0 	 - 0 	 - 0 	 - 0 	 - 0 	 - 0 	 - 0 	 - 0 	 - 0 	 - 0 	 - 0 	 - 0 	 535,987 	 531,158 	 543,972 	 552,236 
1002_female	 - 0 	 - 0 	 - 0 	 - 0 	 - 0 	 - 0 	 - 0 	 - 0 	 - 0 	 - 0 	 - 0 	 - 0 	 266,506 	 263,951 	 270,550 	 274,301 
1003_male	 - 0 	 - 0 	 - 0 	 - 0 	 - 0 	 - 0 	 - 0 	 - 0 	 - 0 	 - 0 	 - 0 	 - 0 	 269,481 	 267,207 	 273,422 	 277,935 
1004_de-sexed	 - 0 	 - 0 	 - 0 	 - 0 	 - 0 	 - 0 	 - 0 	 - 0 	 - 0 	 - 0 	 - 0 	 - 0 	 262,183 	 269,886 	 280,067 	 294,971 
1005_micro-chipped	 - 0 	 - 0 	 - 0 	 - 0 	 - 0 	 - 0 	 - 0 	 - 0 	 - 0 	 - 0 	 - 0 	 - 0 	 279,938 	 304,309 	 330,844 	 360,496 
1006_classified as menacing	 - 0 	 - 0 	 - 0 	 - 0 	 - 0 	 - 0 	 - 0 	 - 0 	 - 0 	 - 0 	 - 0 	 - 0 	 8,029 	 8,225 	 8,232 	 8,519 
1007_classified as dangerous	 - 0 	 - 0 	 - 0 	 - 0 	 - 0 	 - 0 	 - 0 	 - 0 	 - 0 	 - 0 	 - 0 	 - 0 	 590 	 548 	 585 	 603 
B_Registered pure breed	  	  	  	  	  	  	  	  	  	  	  	  	  	  	  	  
aa_all (pure)	  	  	  	  	  	  	  	  	  	  	  	  	  	  	  	  
1001_total	 - 0 	 - 0 	 - 0 	 - 0 	 - 0 	 - 0 	 - 0 	 - 0 	 - 0 	 - 0 	 - 0 	 - 0 	 357,875 	 348,085 	 352,771 	 352,334 
1002_female	 - 0 	 - 0 	 - 0 	 - 0 	 - 0 	 - 0 	 - 0 	 - 0 	 - 0 	 - 0 	 - 0 	 - 0 	 177,087 	 172,133 	 174,586 	 174,169 
1003_male	 - 0 	 - 0 	 - 0 	 - 0 	 - 0 	 - 0 	 - 0 	 - 0 	 - 0 	 - 0 	 - 0 	 - 0 	 180,788 	 175,952 	 178,185 	 178,165 
1004_de-sexed	 - 0 	 - 0 	 - 0 	 - 0 	 - 0 	 - 0 	 - 0 	 - 0 	 - 0 	 - 0 	 - 0 	 - 0 	 159,141 	 160,333 	 163,438 	 168,979 
1005_micro-chipped	 - 0 	 - 0 	 - 0 	 - 0 	 - 0 	 - 0 	 - 0 	 - 0 	 - 0 	 - 0 	 - 0 	 - 0 	 169,448 	 181,535 	 195,786 	 211,485 
1006_classified as menacing	 - 0 	 - 0 	 - 0 	 - 0 	 - 0 	 - 0 	 - 0 	 - 0 	 - 0 	 - 0 	 - 0 	 - 0 	 3,771 	 3,782 	 3,668 	 3,528 
1007_classified as dangerous	 - 0 	 - 0 	 - 0 	 - 0 	 - 0 	 - 0 	 - 0 	 - 0 	 - 0 	 - 0 	 - 0 	 - 0 	 294 	 270 	 289 	 280 
Beagle	  	  	  	  	  	  	  	  	  	  	  	  	  	  	  	  
1001_total	 - 0 	 - 0 	 - 0 	 - 0 	 - 0 	 - 0 	 - 0 	 - 0 	 - 0 	 - 0 	 - 0 	 - 0 	 2,915 	 2,866 	 2,792 	 2,794 
1002_female	 - 0 	 - 0 	 - 0 	 - 0 	 - 0 	 - 0 	 - 0 	 - 0 	 - 0 	 - 0 	 - 0 	 - 0 	 1,492 	 1,464 	 1,420 	 1,423 
1003_male	 - 0 	 - 0 	 - 0 	 - 0 	 - 0 	 - 0 	 - 0 	 - 0 	 - 0 	 - 0 	 - 0 	 - 0 	 1,423 	 1,402 	 1,372 	 1,371 
1004_de-sexed	 - 0 	 - 0 	 - 0 	 - 0 	 - 0 	 - 0 	 - 0 	 - 0 	 - 0 	 - 0 	 - 0 	 - 0 	 1,994 	 2,003 	 1,974 	 1,983 
1005_micro-chipped	 - 0 	 - 0 	 - 0 	 - 0 	 - 0 	 - 0 	 - 0 	 - 0 	 - 0 	 - 0 	 - 0 	 - 0 	 1,984 	 2,055 	 2,069 	 2,225 
1006_classified as menacing	 - 0 	 - 0 	 - 0 	 - 0 	 - 0 	 - 0 	 - 0 	 - 0 	 - 0 	 - 0 	 - 0 	 - 0 	 2 	 2 	 1 	 - 0 
1007_classified as dangerous	 - 0 	 - 0 	 - 0 	 - 0 	 - 0 	 - 0 	 - 0 	 - 0 	 - 0 	 - 0 	 - 0 	 - 0 	 - 0 	 - 0 	 - 0 	 - 0 
Bichon Frise	  	  	  	  	  	  	  	  	  	  	  	  	  	  	  	  
1001_total	 - 0 	 - 0 	 - 0 	 - 0 	 - 0 	 - 0 	 - 0 	 - 0 	 - 0 	 - 0 	 - 0 	 - 0 	 8,811 	 8,513 	 8,476 	 8,421 
1002_female	 - 0 	 - 0 	 - 0 	 - 0 	 - 0 	 - 0 	 - 0 	 - 0 	 - 0 	 - 0 	 - 0 	 - 0 	 4,288 	 4,086 	 4,111 	 4,073 
1003_male	 - 0 	 - 0 	 - 0 	 - 0 	 - 0 	 - 0 	 - 0 	 - 0 	 - 0 	 - 0 	 - 0 	 - 0 	 4,523 	 4,427 	 4,365 	 4,348 
1004_de-sexed	 - 0 	 - 0 	 - 0 	 - 0 	 - 0 	 - 0 	 - 0 	 - 0 	 - 0 	 - 0 	 - 0 	 - 0 	 5,518 	 5,483 	 5,565 	 5,852 
1005_micro-chipped	 - 0 	 - 0 	 - 0 	 - 0 	 - 0 	 - 0 	 - 0 	 - 0 	 - 0 	 - 0 	 - 0 	 - 0 	 5,617 	 5,801 	 6,012 	 6,322 
1006_classified as menacing	 - 0 	 - 0 	 - 0 	 - 0 	 - 0 	 - 0 	 - 0 	 - 0 	 - 0 	 - 0 	 - 0 	 - 0 	 8 	 8 	 6 	 4 
1007_classified as dangerous	 - 0 	 - 0 	 - 0 	 - 0 	 - 0 	 - 0 	 - 0 	 - 0 	 - 0 	 - 0 	 - 0 	 - 0 	 2 	 1 	 1 	 3 
Boxer	  	  	  	  	  	  	  	  	  	  	  	  	  	  	  	  
1001_total	 - 0 	 - 0 	 - 0 	 - 0 	 - 0 	 - 0 	 - 0 	 - 0 	 - 0 	 - 0 	 - 0 	 - 0 	 5,741 	 5,377 	 5,209 	 5,006 
1002_female	 - 0 	 - 0 	 - 0 	 - 0 	 - 0 	 - 0 	 - 0 	 - 0 	 - 0 	 - 0 	 - 0 	 - 0 	 2,819 	 2,650 	 2,562 	 2,482 
1003_male	 - 0 	 - 0 	 - 0 	 - 0 	 - 0 	 - 0 	 - 0 	 - 0 	 - 0 	 - 0 	 - 0 	 - 0 	 2,922 	 2,727 	 2,647 	 2,524 
1004_de-sexed	 - 0 	 - 0 	 - 0 	 - 0 	 - 0 	 - 0 	 - 0 	 - 0 	 - 0 	 - 0 	 - 0 	 - 0 	 3,420 	 3,313 	 3,207 	 3,158 
1005_micro-chipped	 - 0 	 - 0 	 - 0 	 - 0 	 - 0 	 - 0 	 - 0 	 - 0 	 - 0 	 - 0 	 - 0 	 - 0 	 3,574 	 3,665 	 3,777 	 3,907 
1006_classified as menacing	 - 0 	 - 0 	 - 0 	 - 0 	 - 0 	 - 0 	 - 0 	 - 0 	 - 0 	 - 0 	 - 0 	 - 0 	 32 	 34 	 31 	 28 
1007_classified as dangerous	 - 0 	 - 0 	 - 0 	 - 0 	 - 0 	 - 0 	 - 0 	 - 0 	 - 0 	 - 0 	 - 0 	 - 0 	 13 	 11 	 11 	 8 
Cattle, Australian	  	  	  	  	  	  	  	  	  	  	  	  	  	  	  	  
1001_total	 - 0 	 - 0 	 - 0 	 - 0 	 - 0 	 - 0 	 - 0 	 - 0 	 - 0 	 - 0 	 - 0 	 - 0 	 4,632 	 4,362 	 4,288 	 4,122 
1002_female	 - 0 	 - 0 	 - 0 	 - 0 	 - 0 	 - 0 	 - 0 	 - 0 	 - 0 	 - 0 	 - 0 	 - 0 	 2,297 	 2,170 	 2,163 	 2,076 
1003_male	 - 0 	 - 0 	 - 0 	 - 0 	 - 0 	 - 0 	 - 0 	 - 0 	 - 0 	 - 0 	 - 0 	 - 0 	 2,335 	 2,192 	 2,125 	 2,046 
1004_de-sexed	 - 0 	 - 0 	 - 0 	 - 0 	 - 0 	 - 0 	 - 0 	 - 0 	 - 0 	 - 0 	 - 0 	 - 0 	 1,771 	 1,716 	 1,734 	 1,725 
1005_micro-chipped	 - 0 	 - 0 	 - 0 	 - 0 	 - 0 	 - 0 	 - 0 	 - 0 	 - 0 	 - 0 	 - 0 	 - 0 	 1,564 	 1,661 	 1,783 	 1,912 
1006_classified as menacing	 - 0 	 - 0 	 - 0 	 - 0 	 - 0 	 - 0 	 - 0 	 - 0 	 - 0 	 - 0 	 - 0 	 - 0 	 22 	 27 	 28 	 28 
1007_classified as dangerous	 - 0 	 - 0 	 - 0 	 - 0 	 - 0 	 - 0 	 - 0 	 - 0 	 - 0 	 - 0 	 - 0 	 - 0 	 4 	 1 	 3 	 3 
Chihuahua, Long Coat	  	  	  	  	  	  	  	  	  	  	  	  	  	  	  	  
1001_total	 - 0 	 - 0 	 - 0 	 - 0 	 - 0 	 - 0 	 - 0 	 - 0 	 - 0 	 - 0 	 - 0 	 - 0 	 2,984 	 3,025 	 3,117 	 3,270 
1002_female	 - 0 	 - 0 	 - 0 	 - 0 	 - 0 	 - 0 	 - 0 	 - 0 	 - 0 	 - 0 	 - 0 	 - 0 	 1,509 	 1,520 	 1,562 	 1,641 
1003_male	 - 0 	 - 0 	 - 0 	 - 0 	 - 0 	 - 0 	 - 0 	 - 0 	 - 0 	 - 0 	 - 0 	 - 0 	 1,475 	 1,505 	 1,555 	 1,629 
1004_de-sexed	 - 0 	 - 0 	 - 0 	 - 0 	 - 0 	 - 0 	 - 0 	 - 0 	 - 0 	 - 0 	 - 0 	 - 0 	 1,492 	 1,622 	 1,703 	 1,853 
1005_micro-chipped	 - 0 	 - 0 	 - 0 	 - 0 	 - 0 	 - 0 	 - 0 	 - 0 	 - 0 	 - 0 	 - 0 	 - 0 	 1,903 	 2,072 	 2,217 	 2,473 
1006_classified as menacing	 - 0 	 - 0 	 - 0 	 - 0 	 - 0 	 - 0 	 - 0 	 - 0 	 - 0 	 - 0 	 - 0 	 - 0 	 1 	 1 	 2 	 3 
1007_classified as dangerous	 - 0 	 - 0 	 - 0 	 - 0 	 - 0 	 - 0 	 - 0 	 - 0 	 - 0 	 - 0 	 - 0 	 - 0 	 1 	 1 	 1 	 1 
Chihuahua, Smooth Coat	  	  	  	  	  	  	  	  	  	  	  	  	  	  	  	  
1001_total	 - 0 	 - 0 	 - 0 	 - 0 	 - 0 	 - 0 	 - 0 	 - 0 	 - 0 	 - 0 	 - 0 	 - 0 	 3,378 	 3,389 	 3,617 	 3,705 
1002_female	 - 0 	 - 0 	 - 0 	 - 0 	 - 0 	 - 0 	 - 0 	 - 0 	 - 0 	 - 0 	 - 0 	 - 0 	 1,716 	 1,696 	 1,813 	 1,871 
1003_male	 - 0 	 - 0 	 - 0 	 - 0 	 - 0 	 - 0 	 - 0 	 - 0 	 - 0 	 - 0 	 - 0 	 - 0 	 1,662 	 1,693 	 1,804 	 1,834 
1004_de-sexed	 - 0 	 - 0 	 - 0 	 - 0 	 - 0 	 - 0 	 - 0 	 - 0 	 - 0 	 - 0 	 - 0 	 - 0 	 1,713 	 1,775 	 1,964 	 2,121 
1005_micro-chipped	 - 0 	 - 0 	 - 0 	 - 0 	 - 0 	 - 0 	 - 0 	 - 0 	 - 0 	 - 0 	 - 0 	 - 0 	 2,103 	 2,216 	 2,493 	 2,704 
1006_classified as menacing	 - 0 	 - 0 	 - 0 	 - 0 	 - 0 	 - 0 	 - 0 	 - 0 	 - 0 	 - 0 	 - 0 	 - 0 	 2 	 1 	 3 	 2 
1007_classified as dangerous	 - 0 	 - 0 	 - 0 	 - 0 	 - 0 	 - 0 	 - 0 	 - 0 	 - 0 	 - 0 	 - 0 	 - 0 	 1 	 1 	 1 	 1 
Collie, Bearded	  	  	  	  	  	  	  	  	  	  	  	  	  	  	  	  
1001_total	 - 0 	 - 0 	 - 0 	 - 0 	 - 0 	 - 0 	 - 0 	 - 0 	 - 0 	 - 0 	 - 0 	 - 0 	 2,803 	 2,627 	 2,701 	 2,753 
1002_female	 - 0 	 - 0 	 - 0 	 - 0 	 - 0 	 - 0 	 - 0 	 - 0 	 - 0 	 - 0 	 - 0 	 - 0 	 1,338 	 1,205 	 1,284 	 1,329 
1003_male	 - 0 	 - 0 	 - 0 	 - 0 	 - 0 	 - 0 	 - 0 	 - 0 	 - 0 	 - 0 	 - 0 	 - 0 	 1,465 	 1,422 	 1,417 	 1,424 
1004_de-sexed	 - 0 	 - 0 	 - 0 	 - 0 	 - 0 	 - 0 	 - 0 	 - 0 	 - 0 	 - 0 	 - 0 	 - 0 	 805 	 795 	 846 	 889 
1005_micro-chipped	 - 0 	 - 0 	 - 0 	 - 0 	 - 0 	 - 0 	 - 0 	 - 0 	 - 0 	 - 0 	 - 0 	 - 0 	 661 	 717 	 810 	 927 
1006_classified as menacing	 - 0 	 - 0 	 - 0 	 - 0 	 - 0 	 - 0 	 - 0 	 - 0 	 - 0 	 - 0 	 - 0 	 - 0 	 1 	 1 	 2 	 2 
1007_classified as dangerous	 - 0 	 - 0 	 - 0 	 - 0 	 - 0 	 - 0 	 - 0 	 - 0 	 - 0 	 - 0 	 - 0 	 - 0 	 2 	 3 	 2 	 3 
Collie, Border	  	  	  	  	  	  	  	  	  	  	  	  	  	  	  	  
1001_total	 - 0 	 - 0 	 - 0 	 - 0 	 - 0 	 - 0 	 - 0 	 - 0 	 - 0 	 - 0 	 - 0 	 - 0 	 24,177 	 23,190 	 23,146 	 22,662 
1002_female	 - 0 	 - 0 	 - 0 	 - 0 	 - 0 	 - 0 	 - 0 	 - 0 	 - 0 	 - 0 	 - 0 	 - 0 	 12,310 	 11,829 	 11,860 	 11,677 
1003_male	 - 0 	 - 0 	 - 0 	 - 0 	 - 0 	 - 0 	 - 0 	 - 0 	 - 0 	 - 0 	 - 0 	 - 0 	 11,867 	 11,361 	 11,286 	 10,985 
1004_de-sexed	 - 0 	 - 0 	 - 0 	 - 0 	 - 0 	 - 0 	 - 0 	 - 0 	 - 0 	 - 0 	 - 0 	 - 0 	 8,887 	 8,941 	 9,024 	 9,334 
1005_micro-chipped	 - 0 	 - 0 	 - 0 	 - 0 	 - 0 	 - 0 	 - 0 	 - 0 	 - 0 	 - 0 	 - 0 	 - 0 	 7,915 	 8,529 	 9,303 	 10,240 
1006_classified as menacing	 - 0 	 - 0 	 - 0 	 - 0 	 - 0 	 - 0 	 - 0 	 - 0 	 - 0 	 - 0 	 - 0 	 - 0 	 53 	 44 	 47 	 41 
1007_classified as dangerous	 - 0 	 - 0 	 - 0 	 - 0 	 - 0 	 - 0 	 - 0 	 - 0 	 - 0 	 - 0 	 - 0 	 - 0 	 12 	 7 	 7 	 5 
Collie, Rough	  	  	  	  	  	  	  	  	  	  	  	  	  	  	  	  
1001_total	 - 0 	 - 0 	 - 0 	 - 0 	 - 0 	 - 0 	 - 0 	 - 0 	 - 0 	 - 0 	 - 0 	 - 0 	 2,808 	 1,977 	 2,206 	 1,851 
1002_female	 - 0 	 - 0 	 - 0 	 - 0 	 - 0 	 - 0 	 - 0 	 - 0 	 - 0 	 - 0 	 - 0 	 - 0 	 1,294 	 920 	 1,021 	 874 
1003_male	 - 0 	 - 0 	 - 0 	 - 0 	 - 0 	 - 0 	 - 0 	 - 0 	 - 0 	 - 0 	 - 0 	 - 0 	 1,514 	 1,057 	 1,185 	 977 
1004_de-sexed	 - 0 	 - 0 	 - 0 	 - 0 	 - 0 	 - 0 	 - 0 	 - 0 	 - 0 	 - 0 	 - 0 	 - 0 	 415 	 419 	 395 	 384 
1005_micro-chipped	 - 0 	 - 0 	 - 0 	 - 0 	 - 0 	 - 0 	 - 0 	 - 0 	 - 0 	 - 0 	 - 0 	 - 0 	 429 	 487 	 528 	 550 
1006_classified as menacing	 - 0 	 - 0 	 - 0 	 - 0 	 - 0 	 - 0 	 - 0 	 - 0 	 - 0 	 - 0 	 - 0 	 - 0 	 3 	 2 	 2 	 2 
1007_classified as dangerous	 - 0 	 - 0 	 - 0 	 - 0 	 - 0 	 - 0 	 - 0 	 - 0 	 - 0 	 - 0 	 - 0 	 - 0 	 - 0 	 - 0 	 - 0 	 - 0 
Collie, Smooth	  	  	  	  	  	  	  	  	  	  	  	  	  	  	  	  
1001_total	 - 0 	 - 0 	 - 0 	 - 0 	 - 0 	 - 0 	 - 0 	 - 0 	 - 0 	 - 0 	 - 0 	 - 0 	 9,985 	 9,131 	 8,619 	 7,875 
1002_female	 - 0 	 - 0 	 - 0 	 - 0 	 - 0 	 - 0 	 - 0 	 - 0 	 - 0 	 - 0 	 - 0 	 - 0 	 4,660 	 4,288 	 4,029 	 3,719 
1003_male	 - 0 	 - 0 	 - 0 	 - 0 	 - 0 	 - 0 	 - 0 	 - 0 	 - 0 	 - 0 	 - 0 	 - 0 	 5,325 	 4,843 	 4,590 	 4,156 
1004_de-sexed	 - 0 	 - 0 	 - 0 	 - 0 	 - 0 	 - 0 	 - 0 	 - 0 	 - 0 	 - 0 	 - 0 	 - 0 	 295 	 304 	 283 	 284 
1005_micro-chipped	 - 0 	 - 0 	 - 0 	 - 0 	 - 0 	 - 0 	 - 0 	 - 0 	 - 0 	 - 0 	 - 0 	 - 0 	 258 	 275 	 306 	 326 
1006_classified as menacing	 - 0 	 - 0 	 - 0 	 - 0 	 - 0 	 - 0 	 - 0 	 - 0 	 - 0 	 - 0 	 - 0 	 - 0 	 4 	 4 	 3 	 4 
1007_classified as dangerous	 - 0 	 - 0 	 - 0 	 - 0 	 - 0 	 - 0 	 - 0 	 - 0 	 - 0 	 - 0 	 - 0 	 - 0 	 - 0 	 - 0 	 - 0 	 1 
Greyhound	  	  	  	  	  	  	  	  	  	  	  	  	  	  	  	  
1001_total	 - 0 	 - 0 	 - 0 	 - 0 	 - 0 	 - 0 	 - 0 	 - 0 	 - 0 	 - 0 	 - 0 	 - 0 	 3,436 	 3,875 	 4,370 	 4,542 
1002_female	 - 0 	 - 0 	 - 0 	 - 0 	 - 0 	 - 0 	 - 0 	 - 0 	 - 0 	 - 0 	 - 0 	 - 0 	 1,747 	 1,954 	 2,188 	 2,314 
1003_male	 - 0 	 - 0 	 - 0 	 - 0 	 - 0 	 - 0 	 - 0 	 - 0 	 - 0 	 - 0 	 - 0 	 - 0 	 1,689 	 1,921 	 2,182 	 2,228 
1004_de-sexed	 - 0 	 - 0 	 - 0 	 - 0 	 - 0 	 - 0 	 - 0 	 - 0 	 - 0 	 - 0 	 - 0 	 - 0 	 1,020 	 1,187 	 1,432 	 1,676 
1005_micro-chipped	 - 0 	 - 0 	 - 0 	 - 0 	 - 0 	 - 0 	 - 0 	 - 0 	 - 0 	 - 0 	 - 0 	 - 0 	 1,895 	 2,762 	 3,418 	 3,659 
1006_classified as menacing	 - 0 	 - 0 	 - 0 	 - 0 	 - 0 	 - 0 	 - 0 	 - 0 	 - 0 	 - 0 	 - 0 	 - 0 	 11 	 11 	 9 	 7 
1007_classified as dangerous	 - 0 	 - 0 	 - 0 	 - 0 	 - 0 	 - 0 	 - 0 	 - 0 	 - 0 	 - 0 	 - 0 	 - 0 	 1 	 - 0 	 - 0 	 - 0 
Heading	  	  	  	  	  	  	  	  	  	  	  	  	  	  	  	  
1001_total	 - 0 	 - 0 	 - 0 	 - 0 	 - 0 	 - 0 	 - 0 	 - 0 	 - 0 	 - 0 	 - 0 	 - 0 	 17,359 	 17,054 	 18,238 	 18,328 
1002_female	 - 0 	 - 0 	 - 0 	 - 0 	 - 0 	 - 0 	 - 0 	 - 0 	 - 0 	 - 0 	 - 0 	 - 0 	 8,972 	 8,801 	 9,344 	 9,432 
1003_male	 - 0 	 - 0 	 - 0 	 - 0 	 - 0 	 - 0 	 - 0 	 - 0 	 - 0 	 - 0 	 - 0 	 - 0 	 8,387 	 8,253 	 8,894 	 8,896 
1004_de-sexed	 - 0 	 - 0 	 - 0 	 - 0 	 - 0 	 - 0 	 - 0 	 - 0 	 - 0 	 - 0 	 - 0 	 - 0 	 884 	 908 	 1,009 	 1,027 
1005_micro-chipped	 - 0 	 - 0 	 - 0 	 - 0 	 - 0 	 - 0 	 - 0 	 - 0 	 - 0 	 - 0 	 - 0 	 - 0 	 743 	 824 	 1,005 	 1,098 
1006_classified as menacing	 - 0 	 - 0 	 - 0 	 - 0 	 - 0 	 - 0 	 - 0 	 - 0 	 - 0 	 - 0 	 - 0 	 - 0 	 1 	 - 0 	 - 0 	 2 
1007_classified as dangerous	 - 0 	 - 0 	 - 0 	 - 0 	 - 0 	 - 0 	 - 0 	 - 0 	 - 0 	 - 0 	 - 0 	 - 0 	 - 0 	 - 0 	 - 0 	 - 0 
Huntaway	  	  	  	  	  	  	  	  	  	  	  	  	  	  	  	  
1001_total	 - 0 	 - 0 	 - 0 	 - 0 	 - 0 	 - 0 	 - 0 	 - 0 	 - 0 	 - 0 	 - 0 	 - 0 	 32,593 	 31,385 	 32,315 	 31,548 
1002_female	 - 0 	 - 0 	 - 0 	 - 0 	 - 0 	 - 0 	 - 0 	 - 0 	 - 0 	 - 0 	 - 0 	 - 0 	 14,739 	 14,238 	 14,602 	 14,271 
1003_male	 - 0 	 - 0 	 - 0 	 - 0 	 - 0 	 - 0 	 - 0 	 - 0 	 - 0 	 - 0 	 - 0 	 - 0 	 17,854 	 17,147 	 17,713 	 17,277 
1004_de-sexed	 - 0 	 - 0 	 - 0 	 - 0 	 - 0 	 - 0 	 - 0 	 - 0 	 - 0 	 - 0 	 - 0 	 - 0 	 3,310 	 3,345 	 3,408 	 3,537 
1005_micro-chipped	 - 0 	 - 0 	 - 0 	 - 0 	 - 0 	 - 0 	 - 0 	 - 0 	 - 0 	 - 0 	 - 0 	 - 0 	 2,321 	 2,513 	 2,835 	 3,155 
1006_classified as menacing	 - 0 	 - 0 	 - 0 	 - 0 	 - 0 	 - 0 	 - 0 	 - 0 	 - 0 	 - 0 	 - 0 	 - 0 	 15 	 14 	 12 	 12 
1007_classified as dangerous	 - 0 	 - 0 	 - 0 	 - 0 	 - 0 	 - 0 	 - 0 	 - 0 	 - 0 	 - 0 	 - 0 	 - 0 	 2 	 4 	 5 	 3 
Maltese	  	  	  	  	  	  	  	  	  	  	  	  	  	  	  	  
1001_total	 - 0 	 - 0 	 - 0 	 - 0 	 - 0 	 - 0 	 - 0 	 - 0 	 - 0 	 - 0 	 - 0 	 - 0 	 3,594 	 3,715 	 3,831 	 4,051 
1002_female	 - 0 	 - 0 	 - 0 	 - 0 	 - 0 	 - 0 	 - 0 	 - 0 	 - 0 	 - 0 	 - 0 	 - 0 	 1,763 	 1,826 	 1,860 	 1,958 
1003_male	 - 0 	 - 0 	 - 0 	 - 0 	 - 0 	 - 0 	 - 0 	 - 0 	 - 0 	 - 0 	 - 0 	 - 0 	 1,831 	 1,889 	 1,971 	 2,093 
1004_de-sexed	 - 0 	 - 0 	 - 0 	 - 0 	 - 0 	 - 0 	 - 0 	 - 0 	 - 0 	 - 0 	 - 0 	 - 0 	 1,957 	 2,146 	 2,290 	 2,564 
1005_micro-chipped	 - 0 	 - 0 	 - 0 	 - 0 	 - 0 	 - 0 	 - 0 	 - 0 	 - 0 	 - 0 	 - 0 	 - 0 	 2,483 	 2,722 	 2,901 	 3,147 
1006_classified as menacing	 - 0 	 - 0 	 - 0 	 - 0 	 - 0 	 - 0 	 - 0 	 - 0 	 - 0 	 - 0 	 - 0 	 - 0 	 4 	 4 	 4 	 4 
1007_classified as dangerous	 - 0 	 - 0 	 - 0 	 - 0 	 - 0 	 - 0 	 - 0 	 - 0 	 - 0 	 - 0 	 - 0 	 - 0 	 - 0 	 - 0 	 - 0 	 - 0 
Poodle, Miniature	  	  	  	  	  	  	  	  	  	  	  	  	  	  	  	  
1001_total	 - 0 	 - 0 	 - 0 	 - 0 	 - 0 	 - 0 	 - 0 	 - 0 	 - 0 	 - 0 	 - 0 	 - 0 	 3,210 	 3,124 	 3,148 	 3,098 
1002_female	 - 0 	 - 0 	 - 0 	 - 0 	 - 0 	 - 0 	 - 0 	 - 0 	 - 0 	 - 0 	 - 0 	 - 0 	 1,533 	 1,510 	 1,517 	 1,475 
1003_male	 - 0 	 - 0 	 - 0 	 - 0 	 - 0 	 - 0 	 - 0 	 - 0 	 - 0 	 - 0 	 - 0 	 - 0 	 1,677 	 1,614 	 1,631 	 1,623 
1004_de-sexed	 - 0 	 - 0 	 - 0 	 - 0 	 - 0 	 - 0 	 - 0 	 - 0 	 - 0 	 - 0 	 - 0 	 - 0 	 2,200 	 2,174 	 2,225 	 2,247 
1005_micro-chipped	 - 0 	 - 0 	 - 0 	 - 0 	 - 0 	 - 0 	 - 0 	 - 0 	 - 0 	 - 0 	 - 0 	 - 0 	 1,862 	 1,977 	 2,113 	 2,237 
1006_classified as menacing	 - 0 	 - 0 	 - 0 	 - 0 	 - 0 	 - 0 	 - 0 	 - 0 	 - 0 	 - 0 	 - 0 	 - 0 	 - 0 	 - 0 	 - 0 	 - 0 
1007_classified as dangerous	 - 0 	 - 0 	 - 0 	 - 0 	 - 0 	 - 0 	 - 0 	 - 0 	 - 0 	 - 0 	 - 0 	 - 0 	 - 0 	 - 0 	 - 0 	 - 0 
Poodle, Toy	  	  	  	  	  	  	  	  	  	  	  	  	  	  	  	  
1001_total	 - 0 	 - 0 	 - 0 	 - 0 	 - 0 	 - 0 	 - 0 	 - 0 	 - 0 	 - 0 	 - 0 	 - 0 	 3,403 	 3,402 	 3,384 	 3,431 
1002_female	 - 0 	 - 0 	 - 0 	 - 0 	 - 0 	 - 0 	 - 0 	 - 0 	 - 0 	 - 0 	 - 0 	 - 0 	 1,720 	 1,729 	 1,760 	 1,756 
1003_male	 - 0 	 - 0 	 - 0 	 - 0 	 - 0 	 - 0 	 - 0 	 - 0 	 - 0 	 - 0 	 - 0 	 - 0 	 1,683 	 1,673 	 1,624 	 1,675 
1004_de-sexed	 - 0 	 - 0 	 - 0 	 - 0 	 - 0 	 - 0 	 - 0 	 - 0 	 - 0 	 - 0 	 - 0 	 - 0 	 2,058 	 2,161 	 2,212 	 2,276 
1005_micro-chipped	 - 0 	 - 0 	 - 0 	 - 0 	 - 0 	 - 0 	 - 0 	 - 0 	 - 0 	 - 0 	 - 0 	 - 0 	 2,170 	 2,297 	 2,410 	 2,587 
1006_classified as menacing	 - 0 	 - 0 	 - 0 	 - 0 	 - 0 	 - 0 	 - 0 	 - 0 	 - 0 	 - 0 	 - 0 	 - 0 	 - 0 	 - 0 	 - 0 	 - 0 
1007_classified as dangerous	 - 0 	 - 0 	 - 0 	 - 0 	 - 0 	 - 0 	 - 0 	 - 0 	 - 0 	 - 0 	 - 0 	 - 0 	 - 0 	 - 0 	 - 0 	 - 0 
Retriever, Golden	  	  	  	  	  	  	  	  	  	  	  	  	  	  	  	  
1001_total	 - 0 	 - 0 	 - 0 	 - 0 	 - 0 	 - 0 	 - 0 	 - 0 	 - 0 	 - 0 	 - 0 	 - 0 	 9,458 	 8,979 	 8,781 	 8,843 
1002_female	 - 0 	 - 0 	 - 0 	 - 0 	 - 0 	 - 0 	 - 0 	 - 0 	 - 0 	 - 0 	 - 0 	 - 0 	 4,665 	 4,464 	 4,356 	 4,332 
1003_male	 - 0 	 - 0 	 - 0 	 - 0 	 - 0 	 - 0 	 - 0 	 - 0 	 - 0 	 - 0 	 - 0 	 - 0 	 4,793 	 4,515 	 4,425 	 4,511 
1004_de-sexed	 - 0 	 - 0 	 - 0 	 - 0 	 - 0 	 - 0 	 - 0 	 - 0 	 - 0 	 - 0 	 - 0 	 - 0 	 5,490 	 5,393 	 5,283 	 5,325 
1005_micro-chipped	 - 0 	 - 0 	 - 0 	 - 0 	 - 0 	 - 0 	 - 0 	 - 0 	 - 0 	 - 0 	 - 0 	 - 0 	 5,313 	 5,597 	 5,933 	 6,501 
1006_classified as menacing	 - 0 	 - 0 	 - 0 	 - 0 	 - 0 	 - 0 	 - 0 	 - 0 	 - 0 	 - 0 	 - 0 	 - 0 	 8 	 6 	 7 	 8 
1007_classified as dangerous	 - 0 	 - 0 	 - 0 	 - 0 	 - 0 	 - 0 	 - 0 	 - 0 	 - 0 	 - 0 	 - 0 	 - 0 	 2 	 2 	 1 	 1 
Retriever, Labrador	  	  	  	  	  	  	  	  	  	  	  	  	  	  	  	  
1001_total	 - 0 	 - 0 	 - 0 	 - 0 	 - 0 	 - 0 	 - 0 	 - 0 	 - 0 	 - 0 	 - 0 	 - 0 	 43,167 	 41,670 	 42,062 	 41,835 
1002_female	 - 0 	 - 0 	 - 0 	 - 0 	 - 0 	 - 0 	 - 0 	 - 0 	 - 0 	 - 0 	 - 0 	 - 0 	 21,713 	 20,900 	 21,158 	 20,875 
1003_male	 - 0 	 - 0 	 - 0 	 - 0 	 - 0 	 - 0 	 - 0 	 - 0 	 - 0 	 - 0 	 - 0 	 - 0 	 21,454 	 20,770 	 20,904 	 20,960 
1004_de-sexed	 - 0 	 - 0 	 - 0 	 - 0 	 - 0 	 - 0 	 - 0 	 - 0 	 - 0 	 - 0 	 - 0 	 - 0 	 22,671 	 22,551 	 22,978 	 23,508 
1005_micro-chipped	 - 0 	 - 0 	 - 0 	 - 0 	 - 0 	 - 0 	 - 0 	 - 0 	 - 0 	 - 0 	 - 0 	 - 0 	 24,319 	 25,777 	 27,864 	 29,946 
1006_classified as menacing	 - 0 	 - 0 	 - 0 	 - 0 	 - 0 	 - 0 	 - 0 	 - 0 	 - 0 	 - 0 	 - 0 	 - 0 	 83 	 79 	 70 	 73 
1007_classified as dangerous	 - 0 	 - 0 	 - 0 	 - 0 	 - 0 	 - 0 	 - 0 	 - 0 	 - 0 	 - 0 	 - 0 	 - 0 	 15 	 11 	 12 	 12 
Rottweiler	  	  	  	  	  	  	  	  	  	  	  	  	  	  	  	  
1001_total	 - 0 	 - 0 	 - 0 	 - 0 	 - 0 	 - 0 	 - 0 	 - 0 	 - 0 	 - 0 	 - 0 	 - 0 	 6,809 	 6,693 	 6,913 	 7,055 
1002_female	 - 0 	 - 0 	 - 0 	 - 0 	 - 0 	 - 0 	 - 0 	 - 0 	 - 0 	 - 0 	 - 0 	 - 0 	 3,320 	 3,269 	 3,383 	 3,446 
1003_male	 - 0 	 - 0 	 - 0 	 - 0 	 - 0 	 - 0 	 - 0 	 - 0 	 - 0 	 - 0 	 - 0 	 - 0 	 3,489 	 3,424 	 3,530 	 3,609 
1004_de-sexed	 - 0 	 - 0 	 - 0 	 - 0 	 - 0 	 - 0 	 - 0 	 - 0 	 - 0 	 - 0 	 - 0 	 - 0 	 2,784 	 2,760 	 2,867 	 3,016 
1005_micro-chipped	 - 0 	 - 0 	 - 0 	 - 0 	 - 0 	 - 0 	 - 0 	 - 0 	 - 0 	 - 0 	 - 0 	 - 0 	 4,575 	 4,808 	 5,228 	 5,552 
1006_classified as menacing	 - 0 	 - 0 	 - 0 	 - 0 	 - 0 	 - 0 	 - 0 	 - 0 	 - 0 	 - 0 	 - 0 	 - 0 	 105 	 113 	 114 	 116 
1007_classified as dangerous	 - 0 	 - 0 	 - 0 	 - 0 	 - 0 	 - 0 	 - 0 	 - 0 	 - 0 	 - 0 	 - 0 	 - 0 	 31 	 27 	 25 	 27 
Schnauzer, Miniature	  	  	  	  	  	  	  	  	  	  	  	  	  	  	  	  
1001_total	 - 0 	 - 0 	 - 0 	 - 0 	 - 0 	 - 0 	 - 0 	 - 0 	 - 0 	 - 0 	 - 0 	 - 0 	 5,010 	 5,530 	 6,005 	 6,615 
1002_female	 - 0 	 - 0 	 - 0 	 - 0 	 - 0 	 - 0 	 - 0 	 - 0 	 - 0 	 - 0 	 - 0 	 - 0 	 2,471 	 2,685 	 2,909 	 3,236 
1003_male	 - 0 	 - 0 	 - 0 	 - 0 	 - 0 	 - 0 	 - 0 	 - 0 	 - 0 	 - 0 	 - 0 	 - 0 	 2,539 	 2,845 	 3,096 	 3,379 
1004_de-sexed	 - 0 	 - 0 	 - 0 	 - 0 	 - 0 	 - 0 	 - 0 	 - 0 	 - 0 	 - 0 	 - 0 	 - 0 	 3,103 	 3,612 	 3,972 	 4,430 
1005_micro-chipped	 - 0 	 - 0 	 - 0 	 - 0 	 - 0 	 - 0 	 - 0 	 - 0 	 - 0 	 - 0 	 - 0 	 - 0 	 3,839 	 4,429 	 4,927 	 5,614 
1006_classified as menacing	 - 0 	 - 0 	 - 0 	 - 0 	 - 0 	 - 0 	 - 0 	 - 0 	 - 0 	 - 0 	 - 0 	 - 0 	 - 0 	 1 	 1 	 - 0 
1007_classified as dangerous	 - 0 	 - 0 	 - 0 	 - 0 	 - 0 	 - 0 	 - 0 	 - 0 	 - 0 	 - 0 	 - 0 	 - 0 	 - 0 	 - 0 	 - 0 	 - 0 
Shepherd, German	  	  	  	  	  	  	  	  	  	  	  	  	  	  	  	  
1001_total	 - 0 	 - 0 	 - 0 	 - 0 	 - 0 	 - 0 	 - 0 	 - 0 	 - 0 	 - 0 	 - 0 	 - 0 	 12,301 	 11,970 	 11,677 	 11,687 
1002_female	 - 0 	 - 0 	 - 0 	 - 0 	 - 0 	 - 0 	 - 0 	 - 0 	 - 0 	 - 0 	 - 0 	 - 0 	 6,257 	 6,078 	 5,980 	 5,952 
1003_male	 - 0 	 - 0 	 - 0 	 - 0 	 - 0 	 - 0 	 - 0 	 - 0 	 - 0 	 - 0 	 - 0 	 - 0 	 6,044 	 5,892 	 5,697 	 5,735 
1004_de-sexed	 - 0 	 - 0 	 - 0 	 - 0 	 - 0 	 - 0 	 - 0 	 - 0 	 - 0 	 - 0 	 - 0 	 - 0 	 6,039 	 5,933 	 5,845 	 5,866 
1005_micro-chipped	 - 0 	 - 0 	 - 0 	 - 0 	 - 0 	 - 0 	 - 0 	 - 0 	 - 0 	 - 0 	 - 0 	 - 0 	 7,330 	 7,890 	 8,342 	 9,003 
1006_classified as menacing	 - 0 	 - 0 	 - 0 	 - 0 	 - 0 	 - 0 	 - 0 	 - 0 	 - 0 	 - 0 	 - 0 	 - 0 	 138 	 135 	 149 	 138 
1007_classified as dangerous	 - 0 	 - 0 	 - 0 	 - 0 	 - 0 	 - 0 	 - 0 	 - 0 	 - 0 	 - 0 	 - 0 	 - 0 	 41 	 42 	 41 	 43 
Shih Tzu	  	  	  	  	  	  	  	  	  	  	  	  	  	  	  	  
1001_total	 - 0 	 - 0 	 - 0 	 - 0 	 - 0 	 - 0 	 - 0 	 - 0 	 - 0 	 - 0 	 - 0 	 - 0 	 3,966 	 4,290 	 4,666 	 5,129 
1002_female	 - 0 	 - 0 	 - 0 	 - 0 	 - 0 	 - 0 	 - 0 	 - 0 	 - 0 	 - 0 	 - 0 	 - 0 	 1,895 	 2,060 	 2,233 	 2,480 
1003_male	 - 0 	 - 0 	 - 0 	 - 0 	 - 0 	 - 0 	 - 0 	 - 0 	 - 0 	 - 0 	 - 0 	 - 0 	 2,071 	 2,230 	 2,433 	 2,649 
1004_de-sexed	 - 0 	 - 0 	 - 0 	 - 0 	 - 0 	 - 0 	 - 0 	 - 0 	 - 0 	 - 0 	 - 0 	 - 0 	 2,269 	 2,590 	 2,883 	 3,325 
1005_micro-chipped	 - 0 	 - 0 	 - 0 	 - 0 	 - 0 	 - 0 	 - 0 	 - 0 	 - 0 	 - 0 	 - 0 	 - 0 	 2,957 	 3,322 	 3,704 	 4,202 
1006_classified as menacing	 - 0 	 - 0 	 - 0 	 - 0 	 - 0 	 - 0 	 - 0 	 - 0 	 - 0 	 - 0 	 - 0 	 - 0 	 - 0 	 1 	 1 	 2 
1007_classified as dangerous	 - 0 	 - 0 	 - 0 	 - 0 	 - 0 	 - 0 	 - 0 	 - 0 	 - 0 	 - 0 	 - 0 	 - 0 	 - 0 	 1 	 1 	 - 0 
Spaniel, Cavalier King Charles	  	  	  	  	  	  	  	  	  	  	  	  	  	  	  	  
1001_total	 - 0 	 - 0 	 - 0 	 - 0 	 - 0 	 - 0 	 - 0 	 - 0 	 - 0 	 - 0 	 - 0 	 - 0 	 2,997 	 2,912 	 2,918 	 2,891 
1002_female	 - 0 	 - 0 	 - 0 	 - 0 	 - 0 	 - 0 	 - 0 	 - 0 	 - 0 	 - 0 	 - 0 	 - 0 	 1,461 	 1,419 	 1,422 	 1,388 
1003_male	 - 0 	 - 0 	 - 0 	 - 0 	 - 0 	 - 0 	 - 0 	 - 0 	 - 0 	 - 0 	 - 0 	 - 0 	 1,536 	 1,493 	 1,496 	 1,503 
1004_de-sexed	 - 0 	 - 0 	 - 0 	 - 0 	 - 0 	 - 0 	 - 0 	 - 0 	 - 0 	 - 0 	 - 0 	 - 0 	 1,829 	 1,854 	 1,891 	 1,920 
1005_micro-chipped	 - 0 	 - 0 	 - 0 	 - 0 	 - 0 	 - 0 	 - 0 	 - 0 	 - 0 	 - 0 	 - 0 	 - 0 	 1,937 	 2,037 	 2,156 	 2,301 
1006_classified as menacing	 - 0 	 - 0 	 - 0 	 - 0 	 - 0 	 - 0 	 - 0 	 - 0 	 - 0 	 - 0 	 - 0 	 - 0 	 - 0 	 - 0 	 - 0 	 - 0 
1007_classified as dangerous	 - 0 	 - 0 	 - 0 	 - 0 	 - 0 	 - 0 	 - 0 	 - 0 	 - 0 	 - 0 	 - 0 	 - 0 	 - 0 	 - 0 	 - 0 	 - 0 
Spaniel, Cocker	  	  	  	  	  	  	  	  	  	  	  	  	  	  	  	  
1001_total	 - 0 	 - 0 	 - 0 	 - 0 	 - 0 	 - 0 	 - 0 	 - 0 	 - 0 	 - 0 	 - 0 	 - 0 	 5,304 	 5,167 	 5,107 	 5,040 
1002_female	 - 0 	 - 0 	 - 0 	 - 0 	 - 0 	 - 0 	 - 0 	 - 0 	 - 0 	 - 0 	 - 0 	 - 0 	 2,659 	 2,598 	 2,548 	 2,501 
1003_male	 - 0 	 - 0 	 - 0 	 - 0 	 - 0 	 - 0 	 - 0 	 - 0 	 - 0 	 - 0 	 - 0 	 - 0 	 2,645 	 2,569 	 2,559 	 2,539 
1004_de-sexed	 - 0 	 - 0 	 - 0 	 - 0 	 - 0 	 - 0 	 - 0 	 - 0 	 - 0 	 - 0 	 - 0 	 - 0 	 3,218 	 3,193 	 3,184 	 3,245 
1005_micro-chipped	 - 0 	 - 0 	 - 0 	 - 0 	 - 0 	 - 0 	 - 0 	 - 0 	 - 0 	 - 0 	 - 0 	 - 0 	 3,244 	 3,404 	 3,572 	 3,795 
1006_classified as menacing	 - 0 	 - 0 	 - 0 	 - 0 	 - 0 	 - 0 	 - 0 	 - 0 	 - 0 	 - 0 	 - 0 	 - 0 	 4 	 4 	 6 	 5 
1007_classified as dangerous	 - 0 	 - 0 	 - 0 	 - 0 	 - 0 	 - 0 	 - 0 	 - 0 	 - 0 	 - 0 	 - 0 	 - 0 	 - 0 	 - 0 	 - 0 	 - 0 
Spaniel, English Springer	  	  	  	  	  	  	  	  	  	  	  	  	  	  	  	  
1001_total	 - 0 	 - 0 	 - 0 	 - 0 	 - 0 	 - 0 	 - 0 	 - 0 	 - 0 	 - 0 	 - 0 	 - 0 	 3,071 	 3,020 	 3,115 	 3,134 
1002_female	 - 0 	 - 0 	 - 0 	 - 0 	 - 0 	 - 0 	 - 0 	 - 0 	 - 0 	 - 0 	 - 0 	 - 0 	 1,562 	 1,514 	 1,561 	 1,559 
1003_male	 - 0 	 - 0 	 - 0 	 - 0 	 - 0 	 - 0 	 - 0 	 - 0 	 - 0 	 - 0 	 - 0 	 - 0 	 1,509 	 1,506 	 1,554 	 1,575 
1004_de-sexed	 - 0 	 - 0 	 - 0 	 - 0 	 - 0 	 - 0 	 - 0 	 - 0 	 - 0 	 - 0 	 - 0 	 - 0 	 1,447 	 1,426 	 1,439 	 1,536 
1005_micro-chipped	 - 0 	 - 0 	 - 0 	 - 0 	 - 0 	 - 0 	 - 0 	 - 0 	 - 0 	 - 0 	 - 0 	 - 0 	 1,749 	 1,885 	 2,104 	 2,297 
1006_classified as menacing	 - 0 	 - 0 	 - 0 	 - 0 	 - 0 	 - 0 	 - 0 	 - 0 	 - 0 	 - 0 	 - 0 	 - 0 	 8 	 8 	 8 	 8 
1007_classified as dangerous	 - 0 	 - 0 	 - 0 	 - 0 	 - 0 	 - 0 	 - 0 	 - 0 	 - 0 	 - 0 	 - 0 	 - 0 	 1 	 - 0 	 - 0 	 - 0 
Terrier, American Pit Bull	  	  	  	  	  	  	  	  	  	  	  	  	  	  	  	  
1001_total	 - 0 	 - 0 	 - 0 	 - 0 	 - 0 	 - 0 	 - 0 	 - 0 	 - 0 	 - 0 	 - 0 	 - 0 	 2,970 	 3,001 	 2,782 	 2,632 
1002_female	 - 0 	 - 0 	 - 0 	 - 0 	 - 0 	 - 0 	 - 0 	 - 0 	 - 0 	 - 0 	 - 0 	 - 0 	 1,334 	 1,365 	 1,293 	 1,260 
1003_male	 - 0 	 - 0 	 - 0 	 - 0 	 - 0 	 - 0 	 - 0 	 - 0 	 - 0 	 - 0 	 - 0 	 - 0 	 1,636 	 1,636 	 1,489 	 1,372 
1004_de-sexed	 - 0 	 - 0 	 - 0 	 - 0 	 - 0 	 - 0 	 - 0 	 - 0 	 - 0 	 - 0 	 - 0 	 - 0 	 1,673 	 1,736 	 1,639 	 1,647 
1005_micro-chipped	 - 0 	 - 0 	 - 0 	 - 0 	 - 0 	 - 0 	 - 0 	 - 0 	 - 0 	 - 0 	 - 0 	 - 0 	 2,431 	 2,484 	 2,286 	 2,234 
1006_classified as menacing	 - 0 	 - 0 	 - 0 	 - 0 	 - 0 	 - 0 	 - 0 	 - 0 	 - 0 	 - 0 	 - 0 	 - 0 	 2,611 	 2,637 	 2,434 	 2,289 
1007_classified as dangerous	 - 0 	 - 0 	 - 0 	 - 0 	 - 0 	 - 0 	 - 0 	 - 0 	 - 0 	 - 0 	 - 0 	 - 0 	 56 	 58 	 54 	 52 
Terrier, Fox (Smooth)	  	  	  	  	  	  	  	  	  	  	  	  	  	  	  	  
1001_total	 - 0 	 - 0 	 - 0 	 - 0 	 - 0 	 - 0 	 - 0 	 - 0 	 - 0 	 - 0 	 - 0 	 - 0 	 17,995 	 16,886 	 16,571 	 15,807 
1002_female	 - 0 	 - 0 	 - 0 	 - 0 	 - 0 	 - 0 	 - 0 	 - 0 	 - 0 	 - 0 	 - 0 	 - 0 	 9,477 	 8,899 	 8,707 	 8,326 
1003_male	 - 0 	 - 0 	 - 0 	 - 0 	 - 0 	 - 0 	 - 0 	 - 0 	 - 0 	 - 0 	 - 0 	 - 0 	 8,518 	 7,987 	 7,864 	 7,481 
1004_de-sexed	 - 0 	 - 0 	 - 0 	 - 0 	 - 0 	 - 0 	 - 0 	 - 0 	 - 0 	 - 0 	 - 0 	 - 0 	 10,408 	 9,943 	 9,873 	 9,583 
1005_micro-chipped	 - 0 	 - 0 	 - 0 	 - 0 	 - 0 	 - 0 	 - 0 	 - 0 	 - 0 	 - 0 	 - 0 	 - 0 	 8,319 	 8,746 	 9,343 	 9,732 
1006_classified as menacing	 - 0 	 - 0 	 - 0 	 - 0 	 - 0 	 - 0 	 - 0 	 - 0 	 - 0 	 - 0 	 - 0 	 - 0 	 38 	 38 	 41 	 32 
1007_classified as dangerous	 - 0 	 - 0 	 - 0 	 - 0 	 - 0 	 - 0 	 - 0 	 - 0 	 - 0 	 - 0 	 - 0 	 - 0 	 2 	 - 0 	 2 	 3 
Terrier, Jack Russell	  	  	  	  	  	  	  	  	  	  	  	  	  	  	  	  
1001_total	 - 0 	 - 0 	 - 0 	 - 0 	 - 0 	 - 0 	 - 0 	 - 0 	 - 0 	 - 0 	 - 0 	 - 0 	 19,656 	 18,658 	 18,602 	 18,066 
1002_female	 - 0 	 - 0 	 - 0 	 - 0 	 - 0 	 - 0 	 - 0 	 - 0 	 - 0 	 - 0 	 - 0 	 - 0 	 9,666 	 9,175 	 9,135 	 8,833 
1003_male	 - 0 	 - 0 	 - 0 	 - 0 	 - 0 	 - 0 	 - 0 	 - 0 	 - 0 	 - 0 	 - 0 	 - 0 	 9,990 	 9,483 	 9,467 	 9,233 
1004_de-sexed	 - 0 	 - 0 	 - 0 	 - 0 	 - 0 	 - 0 	 - 0 	 - 0 	 - 0 	 - 0 	 - 0 	 - 0 	 11,374 	 11,015 	 11,089 	 11,212 
1005_micro-chipped	 - 0 	 - 0 	 - 0 	 - 0 	 - 0 	 - 0 	 - 0 	 - 0 	 - 0 	 - 0 	 - 0 	 - 0 	 9,763 	 10,201 	 10,967 	 11,615 
1006_classified as menacing	 - 0 	 - 0 	 - 0 	 - 0 	 - 0 	 - 0 	 - 0 	 - 0 	 - 0 	 - 0 	 - 0 	 - 0 	 38 	 36 	 28 	 36 
1007_classified as dangerous	 - 0 	 - 0 	 - 0 	 - 0 	 - 0 	 - 0 	 - 0 	 - 0 	 - 0 	 - 0 	 - 0 	 - 0 	 4 	 3 	 4 	 3 
Terrier, Staffordshire Bull	  	  	  	  	  	  	  	  	  	  	  	  	  	  	  	  
1001_total	 - 0 	 - 0 	 - 0 	 - 0 	 - 0 	 - 0 	 - 0 	 - 0 	 - 0 	 - 0 	 - 0 	 - 0 	 8,623 	 8,830 	 9,173 	 9,554 
1002_female	 - 0 	 - 0 	 - 0 	 - 0 	 - 0 	 - 0 	 - 0 	 - 0 	 - 0 	 - 0 	 - 0 	 - 0 	 4,509 	 4,616 	 4,783 	 4,970 
1003_male	 - 0 	 - 0 	 - 0 	 - 0 	 - 0 	 - 0 	 - 0 	 - 0 	 - 0 	 - 0 	 - 0 	 - 0 	 4,114 	 4,214 	 4,390 	 4,584 
1004_de-sexed	 - 0 	 - 0 	 - 0 	 - 0 	 - 0 	 - 0 	 - 0 	 - 0 	 - 0 	 - 0 	 - 0 	 - 0 	 4,326 	 4,565 	 4,789 	 5,346 
1005_micro-chipped	 - 0 	 - 0 	 - 0 	 - 0 	 - 0 	 - 0 	 - 0 	 - 0 	 - 0 	 - 0 	 - 0 	 - 0 	 5,635 	 6,166 	 6,780 	 7,517 
1006_classified as menacing	 - 0 	 - 0 	 - 0 	 - 0 	 - 0 	 - 0 	 - 0 	 - 0 	 - 0 	 - 0 	 - 0 	 - 0 	 86 	 88 	 88 	 95 
1007_classified as dangerous	 - 0 	 - 0 	 - 0 	 - 0 	 - 0 	 - 0 	 - 0 	 - 0 	 - 0 	 - 0 	 - 0 	 - 0 	 18 	 18 	 21 	 16 
Terrier, West Highland White	  	  	  	  	  	  	  	  	  	  	  	  	  	  	  	  
1001_total	 - 0 	 - 0 	 - 0 	 - 0 	 - 0 	 - 0 	 - 0 	 - 0 	 - 0 	 - 0 	 - 0 	 - 0 	 3,358 	 3,380 	 3,412 	 3,356 
1002_female	 - 0 	 - 0 	 - 0 	 - 0 	 - 0 	 - 0 	 - 0 	 - 0 	 - 0 	 - 0 	 - 0 	 - 0 	 1,677 	 1,693 	 1,697 	 1,686 
1003_male	 - 0 	 - 0 	 - 0 	 - 0 	 - 0 	 - 0 	 - 0 	 - 0 	 - 0 	 - 0 	 - 0 	 - 0 	 1,681 	 1,687 	 1,715 	 1,670 
1004_de-sexed	 - 0 	 - 0 	 - 0 	 - 0 	 - 0 	 - 0 	 - 0 	 - 0 	 - 0 	 - 0 	 - 0 	 - 0 	 2,221 	 2,290 	 2,344 	 2,409 
1005_micro-chipped	 - 0 	 - 0 	 - 0 	 - 0 	 - 0 	 - 0 	 - 0 	 - 0 	 - 0 	 - 0 	 - 0 	 - 0 	 2,059 	 2,219 	 2,385 	 2,501 
1006_classified as menacing	 - 0 	 - 0 	 - 0 	 - 0 	 - 0 	 - 0 	 - 0 	 - 0 	 - 0 	 - 0 	 - 0 	 - 0 	 6 	 4 	 5 	 3 
1007_classified as dangerous	 - 0 	 - 0 	 - 0 	 - 0 	 - 0 	 - 0 	 - 0 	 - 0 	 - 0 	 - 0 	 - 0 	 - 0 	 - 0 	 - 0 	 - 0 	 - 0 
zz_other (pure)	  	  	  	  	  	  	  	  	  	  	  	  	  	  	  	  
1001_total	 - 0 	 - 0 	 - 0 	 - 0 	 - 0 	 - 0 	 - 0 	 - 0 	 - 0 	 - 0 	 - 0 	 - 0 	 81,361 	 80,087 	 81,530 	 83,233 
1002_female	 - 0 	 - 0 	 - 0 	 - 0 	 - 0 	 - 0 	 - 0 	 - 0 	 - 0 	 - 0 	 - 0 	 - 0 	 40,224 	 39,512 	 40,325 	 40,954 
1003_male	 - 0 	 - 0 	 - 0 	 - 0 	 - 0 	 - 0 	 - 0 	 - 0 	 - 0 	 - 0 	 - 0 	 - 0 	 41,137 	 40,575 	 41,205 	 42,279 
1004_de-sexed	 - 0 	 - 0 	 - 0 	 - 0 	 - 0 	 - 0 	 - 0 	 - 0 	 - 0 	 - 0 	 - 0 	 - 0 	 42,550 	 43,180 	 44,091 	 45,701 
1005_micro-chipped	 - 0 	 - 0 	 - 0 	 - 0 	 - 0 	 - 0 	 - 0 	 - 0 	 - 0 	 - 0 	 - 0 	 - 0 	 48,496 	 51,997 	 56,215 	 61,206 
1006_classified as menacing	 - 0 	 - 0 	 - 0 	 - 0 	 - 0 	 - 0 	 - 0 	 - 0 	 - 0 	 - 0 	 - 0 	 - 0 	 487 	 479 	 566 	 584 
1007_classified as dangerous	 - 0 	 - 0 	 - 0 	 - 0 	 - 0 	 - 0 	 - 0 	 - 0 	 - 0 	 - 0 	 - 0 	 - 0 	 86 	 79 	 97 	 95 
C_Registered cross breed	  	  	  	  	  	  	  	  	  	  	  	  	  	  	  	  
all (cross)	  	  	  	  	  	  	  	  	  	  	  	  	  	  	  	  
1001_total	 - 0 	 - 0 	 - 0 	 - 0 	 - 0 	 - 0 	 - 0 	 - 0 	 - 0 	 - 0 	 - 0 	 - 0 	 178,112 	 183,073 	 191,201 	 199,902 
1002_female	 - 0 	 - 0 	 - 0 	 - 0 	 - 0 	 - 0 	 - 0 	 - 0 	 - 0 	 - 0 	 - 0 	 - 0 	 89,419 	 91,818 	 95,964 	 100,132 
1003_male	 - 0 	 - 0 	 - 0 	 - 0 	 - 0 	 - 0 	 - 0 	 - 0 	 - 0 	 - 0 	 - 0 	 - 0 	 88,693 	 91,255 	 95,237 	 99,770 
1004_de-sexed	 - 0 	 - 0 	 - 0 	 - 0 	 - 0 	 - 0 	 - 0 	 - 0 	 - 0 	 - 0 	 - 0 	 - 0 	 103,042 	 109,553 	 116,629 	 125,992 
1005_micro-chipped	 - 0 	 - 0 	 - 0 	 - 0 	 - 0 	 - 0 	 - 0 	 - 0 	 - 0 	 - 0 	 - 0 	 - 0 	 110,490 	 122,774 	 135,058 	 149,011 
1006_classified as menacing	 - 0 	 - 0 	 - 0 	 - 0 	 - 0 	 - 0 	 - 0 	 - 0 	 - 0 	 - 0 	 - 0 	 - 0 	 4,258 	 4,443 	 4,564 	 4,991 
1007_classified as dangerous	 - 0 	 - 0 	 - 0 	 - 0 	 - 0 	 - 0 	 - 0 	 - 0 	 - 0 	 - 0 	 - 0 	 - 0 	 296 	 278 	 296 	 323 
D_Owners	  	  	  	  	  	  	  	  	  	  	  	  	  	  	  	  
classified	  	  	  	  	  	  	  	  	  	  	  	  	  	  	  	  
1008_probationary	 - 0 	 - 0 	 - 0 	 - 0 	 - 0 	 - 0 	 - 0 	 - 0 	 - 0 	 - 0 	 - 0 	 - 0 	 111 	 79 	 109 	 69 
1009_disqualified	 - 0 	 - 0 	 - 0 	 - 0 	 - 0 	 - 0 	 - 0 	 - 0 	 - 0 	 - 0 	 - 0 	 - 0 	 176 	 219 	 232 	 219 
total	  	  	  	  	  	  	  	  	  	  	  	  	  	  	  	  
1010_currently registered dog owners	 - 0 	 - 0 	 - 0 	 - 0 	 - 0 	 - 0 	 - 0 	 - 0 	 - 0 	 - 0 	 - 0 	 - 0 	 385,631 	 386,932 	 399,844 	 414,541 
1011_infringements	 - 0 	 - 0 	 - 0 	 - 0 	 - 0 	 - 0 	 - 0 	 - 0 	 - 0 	 - 0 	 - 0 	 - 0 	 7,932 	 8,517 	 8,354 	 7,574 
E Ministry of Justice Statistics	  	  	  	  	  	  	  	  	  	  	  	  	  	  	  	  
under the Dog Control Act 1996	  	  	  	  	  	  	  	  	  	  	  	  	  	  	  	  
1012_total prosecutions	 - 0 	 - 0 	 - 0 	 - 0 	 - 0 	 - 0 	 - 0 	 - 0 	 - 0 	 - 0 	 - 0 	 603 	 525 	 554 	 538 	 - 0 
1013_total dog destruction orders	 - 0 	 - 0 	 - 0 	 - 0 	 - 0 	 - 0 	 - 0 	 - 0 	 - 0 	 - 0 	 - 0 	 83 	 61 	 91 	 83 	 - 0 
F Accident Compensation Corporation Statistics	  	  	  	  	  	  	  	  	  	  	  	  	  	  	  	  
Dog-related injury	  	  	  	  	  	  	  	  	  	  	  	  	  	  	  	  
1014_number of new claims	 8,353 	 8,196 	 7,995 	 9,452 	 9,764 	 10,494 	 10,680 	 10,458 	 10,748 	 11,158 	 11,867 	 11,922 	 12,478 	 12,709 	 12,817 	 - 0 
1015_total paid (excl GST) for injuries in any yr	 1,402,635 	 1,369,521 	 1,442,139 	 1,645,512 	 1,789,540 	 2,301,189 	 2,425,487 	 3,211,683 	 2,848,689 	 2,734,590 	 2,689,090 	 3,160,134 	 3,041,074 	 3,693,762 	 2,743,560 	 - 0 
1016_total paid (excl. GST) for injuries this yr	 - 0 	 - 0 	 - 0 	 - 0 	 - 0 	 2,056,062 	 2,508,835 	 2,881,933 	 3,401,933 	 3,072,520 	 2,968,478 	 2,978,828 	 3,283,640 	 3,734,733 	 4,490,945 	 - 0 
